{
  "round": 7,
  "task_kind": "text",
  "num_samples": 828,
  "loss": 2.8584898022504954,
  "eval_num_samples": 209,
  "eval_loss": 2.9339681643026845,
  "eval_acc": null,
  "eval_ppl": 18.80209245241251,
  "eval_clipscore": null,
  "eval_lpips": null,
  "optimizer_steps": 104,
  "global_optimizer_step": 728,
  "lr_start": 8.263518223330697e-05,
  "lr_end": 5.0290954064941844e-05,
  "grad_l2": 0.06709282100200653,
  "delta_l2": 0.42995601892471313,
  "metric_errors": {}
}