{
  "round": 3,
  "task_kind": "multimodal",
  "num_samples": 1000,
  "loss": 2.378205231949687,
  "eval_num_samples": 250,
  "eval_loss": 3.321277384996414,
  "eval_acc": null,
  "eval_ppl": null,
  "eval_clipscore": 29.25364970397949,
  "eval_lpips": null,
  "optimizer_steps": 1000,
  "global_optimizer_step": 3000,
  "lr_start": 0.0002909538931178862,
  "lr_end": 0.000264940315747189,
  "grad_l2": 0.20032110810279846,
  "delta_l2": 6.5695343017578125,
  "metric_errors": {}
}