{
  "round": 8,
  "task_kind": "text",
  "num_samples": 828,
  "loss": 2.852903432570971,
  "eval_num_samples": 209,
  "eval_loss": 2.933415174484253,
  "eval_acc": null,
  "eval_ppl": 18.79169796100996,
  "eval_clipscore": null,
  "eval_lpips": null,
  "optimizer_steps": 104,
  "global_optimizer_step": 832,
  "lr_start": 5.000000000000002e-05,
  "lr_end": 2.3611732161972964e-05,
  "grad_l2": 0.06785015016794205,
  "delta_l2": 0.18583443760871887,
  "metric_errors": {}
}