{
  "round": 1,
  "task_kind": "multimodal",
  "num_samples": 1000,
  "loss": 3.8566300002932548,
  "eval_num_samples": 250,
  "eval_loss": 3.3274073584079744,
  "eval_acc": null,
  "eval_ppl": null,
  "eval_clipscore": 29.587609008789062,
  "eval_lpips": null,
  "optimizer_steps": 1000,
  "global_optimizer_step": 1000,
  "lr_start": 3e-07,
  "lr_end": 0.0003,
  "grad_l2": 0.2505386173725128,
  "delta_l2": 7.163580417633057,
  "metric_errors": {}
}