{
  "round": 2,
  "task_kind": "text",
  "num_samples": 828,
  "loss": 3.1302842933398027,
  "eval_num_samples": 209,
  "eval_loss": 3.023191151795564,
  "eval_acc": null,
  "eval_ppl": 20.55678695353692,
  "eval_clipscore": null,
  "eval_lpips": null,
  "optimizer_steps": 104,
  "global_optimizer_step": 208,
  "lr_start": 0.0002,
  "lr_end": 0.00019408352828439722,
  "grad_l2": 0.1423085480928421,
  "delta_l2": 5.432024955749512,
  "metric_errors": {}
}