{
  "round": 2,
  "task_kind": "image_edit",
  "num_samples": 1000,
  "loss": 6.596218006134033,
  "eval_num_samples": 250,
  "eval_loss": 6.584023520350456,
  "eval_acc": null,
  "eval_ppl": null,
  "eval_clipscore": 20.83561976623535,
  "eval_lpips": null,
  "optimizer_steps": 125,
  "global_optimizer_step": 250,
  "lr_start": 0.0006,
  "lr_end": 0.0005821932168018363,
  "grad_l2": 0.016346856951713562,
  "delta_l2": 6.808820724487305,
  "metric_errors": {
    "lpips": "ModuleNotFoundError: No module named 'lpips'"
  }
}