{
  "round": 8,
  "task_kind": "image_edit",
  "num_samples": 1000,
  "loss": 6.40167350769043,
  "eval_num_samples": 250,
  "eval_loss": 6.58785654604435,
  "eval_acc": null,
  "eval_ppl": null,
  "eval_clipscore": 21.00169775009155,
  "eval_lpips": null,
  "optimizer_steps": 125,
  "global_optimizer_step": 1000,
  "lr_start": 0.00015000000000000004,
  "lr_end": 7.072606291832729e-05,
  "grad_l2": 0.02226775512099266,
  "delta_l2": 0.5877116918563843,
  "metric_errors": {
    "lpips": "ModuleNotFoundError: No module named 'lpips'"
  }
}