{
  "round": 2,
  "task_kind": "multimodal",
  "num_samples": 1000,
  "loss": 2.9606560977697374,
  "eval_num_samples": 250,
  "eval_loss": 3.180278984308243,
  "eval_acc": null,
  "eval_ppl": null,
  "eval_clipscore": 29.93768049621582,
  "eval_lpips": null,
  "optimizer_steps": 1000,
  "global_optimizer_step": 2000,
  "lr_start": 0.0003,
  "lr_end": 0.0002909717926629479,
  "grad_l2": 0.1337069869041443,
  "delta_l2": 8.067695617675781,
  "metric_errors": {}
}