{
  "round": 9,
  "task_kind": "multimodal",
  "num_samples": 1000,
  "loss": 0.2587811181647703,
  "eval_num_samples": 250,
  "eval_loss": 5.6396063914299015,
  "eval_acc": null,
  "eval_ppl": null,
  "eval_clipscore": 28.062646877288817,
  "eval_lpips": null,
  "optimizer_steps": 1000,
  "global_optimizer_step": 9000,
  "lr_start": 3.509333353215331e-05,
  "lr_end": 9.064023601979764e-06,
  "grad_l2": 0.2377150058746338,
  "delta_l2": 0.15581440925598145,
  "metric_errors": {}
}