{
  "round": 5,
  "task_kind": "text",
  "num_samples": 828,
  "loss": 2.8891654450159807,
  "eval_num_samples": 209,
  "eval_loss": 2.93744186118797,
  "eval_acc": null,
  "eval_ppl": 18.86751879224848,
  "eval_clipscore": null,
  "eval_lpips": null,
  "optimizer_steps": 104,
  "global_optimizer_step": 520,
  "lr_start": 0.00015000000000000001,
  "lr_end": 0.00011769526044637023,
  "grad_l2": 0.05461543798446655,
  "delta_l2": 1.4270585775375366,
  "metric_errors": {}
}