{
  "round": 9,
  "task_kind": "multimodal",
  "num_samples": 2000,
  "loss": 0.49872776767611504,
  "eval_num_samples": 500,
  "eval_loss": 0.5336772561782882,
  "eval_acc": 0.7846666666666667,
  "eval_ppl": null,
  "eval_clipscore": null,
  "eval_lpips": null,
  "optimizer_steps": 250,
  "global_optimizer_step": 2250,
  "lr_start": 3.5093333532153316e-06,
  "lr_end": 9.117876788562263e-07,
  "grad_l2": 0.11253228038549423,
  "delta_l2": 0.005798383615911007,
  "metric_errors": {}
}