{
  "round": 10,
  "task_kind": "multimodal",
  "num_samples": 2000,
  "loss": 0.4981393610537052,
  "eval_num_samples": 500,
  "eval_loss": 0.533121664727491,
  "eval_acc": 0.7793333333333334,
  "eval_ppl": null,
  "eval_clipscore": null,
  "eval_lpips": null,
  "optimizer_steps": 250,
  "global_optimizer_step": 2500,
  "lr_start": 9.046106882113753e-07,
  "lr_end": 1.4621633773748144e-11,
  "grad_l2": 0.11153222620487213,
  "delta_l2": 0.0006263868999667466,
  "metric_errors": {}
}