{
  "round": 3,
  "task_kind": "image_edit",
  "num_samples": 1000,
  "loss": 6.548592720031738,
  "eval_num_samples": 250,
  "eval_loss": 6.57326602935791,
  "eval_acc": null,
  "eval_ppl": null,
  "eval_clipscore": 20.992628036499024,
  "eval_lpips": null,
  "optimizer_steps": 125,
  "global_optimizer_step": 375,
  "lr_start": 0.0005819077862357724,
  "lr_end": 0.0005303509366591792,
  "grad_l2": 0.014256645925343037,
  "delta_l2": 5.652009963989258,
  "metric_errors": {
    "lpips": "ModuleNotFoundError: No module named 'lpips'"
  }
}