{
  "round": 6,
  "task_kind": "multimodal",
  "num_samples": 1000,
  "loss": 0.7186200589835644,
  "eval_num_samples": 250,
  "eval_loss": 4.9291391217708584,
  "eval_acc": null,
  "eval_ppl": null,
  "eval_clipscore": 28.433827171325685,
  "eval_lpips": null,
  "optimizer_steps": 1000,
  "global_optimizer_step": 6000,
  "lr_start": 0.00017604722665003956,
  "lr_end": 0.0001240043393491688,
  "grad_l2": 0.3402610421180725,
  "delta_l2": 2.143028497695923,
  "metric_errors": {}
}