{
  "round": 4,
  "task_kind": "multimodal",
  "num_samples": 1000,
  "loss": 1.7297759301885962,
  "eval_num_samples": 250,
  "eval_loss": 3.8111731555461885,
  "eval_acc": null,
  "eval_ppl": null,
  "eval_clipscore": 28.15954203033447,
  "eval_lpips": null,
  "optimizer_steps": 1000,
  "global_optimizer_step": 4000,
  "lr_start": 0.00026490666646784665,
  "lr_end": 0.00022504534041392372,
  "grad_l2": 0.2850342094898224,
  "delta_l2": 4.643631935119629,
  "metric_errors": {}
}