{
  "round": 4,
  "task_kind": "text",
  "num_samples": 828,
  "loss": 2.9260343657090115,
  "eval_num_samples": 209,
  "eval_loss": 2.9454125739909984,
  "eval_acc": null,
  "eval_ppl": 19.01850730951508,
  "eval_clipscore": null,
  "eval_lpips": null,
  "optimizer_steps": 104,
  "global_optimizer_step": 416,
  "lr_start": 0.0001766044443118978,
  "lr_end": 0.00015029039079361448,
  "grad_l2": 0.056965842843055725,
  "delta_l2": 2.3176677227020264,
  "metric_errors": {}
}